actor,movie_or_TV_name
Matthew McConaughey,Agent Elvis
Matthew McConaughey,Deep in the Heart: A Texas Wildlife Story
Matthew McConaughey,Sing 2
Matthew McConaughey,Come Home
Matthew McConaughey,Roll Up Your Sleeves
Matthew McConaughey,Fast Times at Ridgemont High: A Virtual Table Read
Matthew McConaughey,The Oprah Conversation
Matthew McConaughey,Disclosure
Matthew McConaughey,Cup of Joe
Matthew McConaughey,One World: Together at Home
Matthew McConaughey,Thanks a Million
Matthew McConaughey,The Gentlemen
Matthew McConaughey,Between Two Ferns: The Movie
Matthew McConaughey,Tamron Hall
Matthew McConaughey,The Beach Bum
Matthew McConaughey,Serenity
Matthew McConaughey,Friedkin Uncut
Matthew McConaughey,White Boy Rick
Matthew McConaughey,Red Table Talk
Matthew McConaughey,U2 at The BBC
Matthew McConaughey,Carpool Karaoke: The Series
Matthew McConaughey,The Dark Tower
Matthew McConaughey,Sing
Matthew McConaughey,Martha & Snoop's Potluck Dinner Party
Matthew McConaughey,Kubo and the Two Strings
Matthew McConaughey,Richard Linklater: Dream Is Destiny
Matthew McConaughey,Free State of Jones
Matthew McConaughey,The Sea of Trees
Matthew McConaughey,Gold
Matthew McConaughey,The Late Show with Stephen Colbert
Matthew McConaughey,Inside Interstellar
Matthew McConaughey,Hot Ones
Matthew McConaughey,The Science of Interstellar
Matthew McConaughey,21 Years: Richard Linklater
Matthew McConaughey,Interstellar: Nolan's Odyssey
Matthew McConaughey,Interstellar
Matthew McConaughey,Austin City Limits Celebrates 40 Years
Matthew McConaughey,The Men In Blazers Show
Matthew McConaughey,I Am Evel Knievel
Matthew McConaughey,The Tonight Show Starring Jimmy Fallon
Matthew McConaughey,True Detective
Matthew McConaughey,The Wolf of Wall Street
Matthew McConaughey,Dallas Buyers Club
Matthew McConaughey,Synthesizers
Matthew McConaughey,Mud
Matthew McConaughey,The Paperboy
Matthew McConaughey,We Walk The Line: A Celebration of the Music of Johnny Cash
Matthew McConaughey,Magic Mike
Matthew McConaughey,Man in the Glass: Dale Brown Story
Matthew McConaughey,Bernie
Matthew McConaughey,Killer Joe
Matthew McConaughey,The Lincoln Lawyer
Matthew McConaughey,Ghosts of Girlfriends Past
Matthew McConaughey,Eastbound & Down
Matthew McConaughey,"Surfer, Dude"
Matthew McConaughey,Tropic Thunder
Matthew McConaughey,Fool's Gold
Matthew McConaughey,The Graham Norton Show
Matthew McConaughey,We Are Marshall
Matthew McConaughey,Failure to Launch
Matthew McConaughey,Two for the Money
Matthew McConaughey,Absolute Evel: The Evel Knievel Story
Matthew McConaughey,Sahara
Matthew McConaughey,My Crazy Life
Matthew McConaughey,Making Dazed
Matthew McConaughey,The Late Late Show with Craig Ferguson
Matthew McConaughey,Magnificent Desolation: Walking on the Moon
Matthew McConaughey,Paparazzi
Matthew McConaughey,CMT Insider
Matthew McConaughey,Best Week Ever
Matthew McConaughey,The Ellen DeGeneres Show
Matthew McConaughey,Tiptoes
Matthew McConaughey,Celebrities Uncensored
Matthew McConaughey,Real Time with Bill Maher
Matthew McConaughey,How to Lose a Guy in 10 Days
Matthew McConaughey,Jimmy Kimmel Live!
Matthew McConaughey,Reign of Fire
Matthew McConaughey,Frailty
Matthew McConaughey,Thirteen Conversations About One Thing
Kendelle Elliott,Prey
Kendelle Elliott,A Babysitter's Guide to Monster Hunting
Kendelle Elliott,Timmy Failure: Mistakes Were Made
Kendelle Elliott,Cold Pursuit
Kendelle Elliott,Operation Finale
Kendelle Elliott,The Professor
Kendelle Elliott,Wonder
Matthew McConaughey,The Wedding Planner
Matthew McConaughey,U-571
Matthew McConaughey,Edtv
Matthew McConaughey,The Story of Darrell Royal
Matthew McConaughey,Making Sandwiches
Matthew McConaughey,Welcome to Hollywood
Matthew McConaughey,TRL
Matthew McConaughey,Sex and the City
Matthew McConaughey,The Newton Boys
Matthew McConaughey,Amistad
Matthew McConaughey,Behind the Music
Matthew McConaughey,The View
Matthew McConaughey,Contact
Matthew McConaughey,King of the Hill
Matthew McConaughey,Larger Than Life
Kendelle Elliott,The Returned
Kendelle Elliott,Interstellar
Kendelle Elliott,Words and Pictures
Kendelle Elliott,The Cabin in the Woods
Kendelle Elliott,This Means War
Kendelle Elliott,Once Upon a Time
Kendelle Elliott,The A-Team
Kendelle Elliott,2012
Kendelle Elliott,Passengers
Kendelle Elliott,The Exorcism of Emily Rose
Kendelle Elliott,House
Matthew McConaughey,Scorpion Spring
Matthew McConaughey,A Time to Kill
Matthew McConaughey,The Daily Show with Trevor Noah
Matthew McConaughey,Lone Star
Matthew McConaughey,The Return of the Texas Chainsaw Massacre: The Documentary
Matthew McConaughey,Judgement
Matthew McConaughey,Glory Daze
Matthew McConaughey,Submission
Matthew McConaughey,The Return of the Texas Chainsaw Massacre
Matthew McConaughey,Boys on the Side
Matthew McConaughey,Angels in the Outfield
Matthew McConaughey,Dazed and Confused
Matthew McConaughey,Late Night with Conan O'Brien
Matthew McConaughey,My Boyfriend's Back
Matthew McConaughey,The Tonight Show with Jay Leno
Matthew McConaughey,LIVE with Kelly and Ryan
Matthew McConaughey,Saturday Night Live
Matthew McConaughey,Goldene Kamera Verleihung
Matthew McConaughey,The Oscars
Matthew McConaughey,Today
Matthew McConaughey,Agent Elvis
Matthew McConaughey,Gold
Kendelle Elliott,"I, Robot"
Kendelle Elliott,Dreamcatcher
Kendelle Elliott,Wrongfully Accused
Kendelle Elliott,Circle of Deceit
Kendelle Elliott,Dad's Week Off
Gary Kosko,Jack and the Treehouse
Gary Kosko,I'm Your Woman
Gary Kosko,An American Pickle
Gary Kosko,A Beautiful Day in the Neighborhood
Gary Kosko,Bolden
Gary Kosko,Mindhunter
Gary Kosko,Interstellar
Gary Kosko,Captain America: The Winter Soldier
Gary Kosko,Out of the Furnace
Gary Kosko,Won't Back Down
Gary Kosko,Love & Other Drugs
Gary Kosko,Star Trek
Gary Kosko,The Mysteries of Pittsburgh
Agata Maliauka,Mission: Impossible - Fallout
Agata Maliauka,Interstellar
Matthew McConaughey,True Detective
Matthew McConaughey,"Surfer, Dude"
Matthew McConaughey,Sahara
Gary Kosko,Mission: Impossible III
Gary Kosko,Guess Who
Gary Kosko,Out of Time
Gary Kosko,Carnivàle
Gary Kosko,Basic
Gary Kosko,High Crimes
Gary Kosko,My First Mister
Gary Kosko,Deep Impact
Gary Kosko,The Devil's Advocate
Gary Kosko,Truman
Eggert Ketilsson,Northern Comfort
Eggert Ketilsson,Tenet
Eggert Ketilsson,Amundsen
Eggert Ketilsson,Dunkirk
Eggert Ketilsson,Interstellar
Eggert Ketilsson,December
Eggert Ketilsson,Drum
Eggert Ketilsson,Flags of Our Fathers
Eggert Ketilsson,"Benjamin, the dove"
Eggert Ketilsson,Ikingut
Gary Kosko,Arizona Dream
Gary Kosko,Bob Roberts
Gary Kosko,Citizen Cohn
Gary Kosko,Iron Maze
Gary Kosko,The 10 Million Dollar Getaway
Gary Kosko,The Silence of the Lambs
Gary Kosko,Criminal Justice
Josh Lusby,Vice
Josh Lusby,Passengers
Josh Lusby,Ant-Man
Josh Lusby,American Sniper
Josh Lusby,Interstellar
Josh Lusby,John Carter
Josh Lusby,The Artist
Josh Lusby,Charlie Wilson's War
Josh Lusby,"You, Me and Dupree"
Joel Tobman,Ghostbusters: Afterlife
Joel Tobman,Hold the Dark
Joel Tobman,Interstellar
Joel Tobman,Inception
David F. Klassen,Interstellar
David F. Klassen,Django Unchained
David F. Klassen,The Amazing Spider-Man
David F. Klassen,Iron Man 2
David F. Klassen,Seven Pounds
David F. Klassen,Iron Man
David F. Klassen,Spider-Man 3
David F. Klassen,The Pursuit of Happyness
David F. Klassen,Zathura: A Space Adventure
David F. Klassen,Into the Blue
David F. Klassen,Charlie's Angels: Full Throttle
David F. Klassen,Cradle 2 the Grave
David F. Klassen,Evolution
David F. Klassen,Charlie's Angels
David F. Klassen,House on Haunted Hill
Josh Lusby,Rumor Has It...
Josh Lusby,The Chronicles of Riddick
Josh Lusby,American Wedding
Josh Lusby,xXx
Josh Lusby,High Crimes
Josh Lusby,The Cell
Josh Lusby,American Pie
Josh Lusby,Deep Impact
Josh Lusby,The Peacemaker
Josh Lusby,Contact
Josh Lusby,Casper
David F. Klassen,Lethal Weapon 4
David F. Klassen,Six Days Seven Nights
David F. Klassen,Hard Rain
David F. Klassen,Waterworld
David F. Klassen,North
David F. Klassen,Dave
David F. Klassen,A Few Good Men
David F. Klassen,Radio Flyer
David F. Klassen,Tango & Cash
David F. Klassen,Leviathan
David F. Klassen,Vibes
David F. Klassen,The Monster Squad
David F. Klassen,Over the Top
David F. Klassen,Cobra
Eric Sundahl,Babylon
Josh Lusby,A Nightmare on Elm Street: The Dream Child
Eric Sundahl,The Gray Man
Eric Sundahl,Space Jam: A New Legacy
Eric Sundahl,Once Upon a Time… in Hollywood
Eric Sundahl,Bumblebee
Eric Sundahl,First Man
Eric Sundahl,The House
Eric Sundahl,Why Him?
Eric Sundahl,Westworld
Eric Sundahl,Independence Day: Resurgence
Eric Sundahl,American Sniper
Eric Sundahl,Interstellar
Eric Sundahl,Behind the Candelabra
Eric Sundahl,The Amazing Spider-Man
Eric Sundahl,Priest
Eric Sundahl,"I Love You, Man"
Eric Sundahl,Yes Man
Eric Sundahl,Walk Hard: The Dewey Cox Story
Eric Sundahl,Ocean's Thirteen
Eric Sundahl,Van Helsing
Eric Sundahl,Charlie's Angels: Full Throttle
Eric Sundahl,Down with Love
Eric Sundahl,The Salton Sea
Eric Sundahl,Thir13en Ghosts
Eric Sundahl,Evolution
Eric Sundahl,Gone in Sixty Seconds
Eric Sundahl,The 60s
Eric Sundahl,Can't Hardly Wait
Eric Sundahl,Congo
Jenne Lee,Tenet
Jenne Lee,Widows
Jenne Lee,First Man
Jenne Lee,Downsizing
Jenne Lee,Westworld
Jenne Lee,Star Trek Beyond
Jenne Lee,Interstellar
Jenne Lee,After Earth
Jenne Lee,The Dark Knight Rises
Jenne Lee,John Carter
Jenne Lee,Journey 2: The Mysterious Island
Jenne Lee,Secretariat
Jenne Lee,Public Enemies
Jenne Lee,Eagle Eye
Jenne Lee,The Dark Knight
Emily Kwong,Interstellar
Emily Kwong,Inception
Griffen Fraser,Interstellar
Alexander Michael Helisek,This Is Us
Alexander Michael Helisek,Interstellar
Alexander Michael Helisek,Virgin Eyes
Alexander Michael Helisek,2 Broke Girls
Benjamin Hardy,Interstellar
Benjamin Hardy,Moneyball
Joseph Oliveira,Fraternitas
Joseph Oliveira,"Love, Weddings & Other Disasters"
Joseph Oliveira,Tehran
Joseph Oliveira,Only
Joseph Oliveira,NOS4A2
Joseph Oliveira,The Catcher Was a Spy
Joseph Oliveira,American Woman
Joseph Oliveira,Proud Mary
Joseph Oliveira,November Criminals
Joseph Oliveira,Central Intelligence
Joseph Oliveira,A Date with Miss Fortune
Joseph Oliveira,Frank and Cindy
Joseph Oliveira,The Imitation Game
Joseph Oliveira,Interstellar
Joseph Oliveira,Whiplash
Joseph Oliveira,The Wolf of Wall Street
Joseph Oliveira,Killing Season
Joseph Oliveira,The Pink Panther 2
Joseph Oliveira,The Dark Knight
Joseph Oliveira,The Departed
Joseph Oliveira,Meet The Santas
Joseph Oliveira,Changing Lanes
Joseph Oliveira,American Psycho
Joseph Oliveira,Southern Comfort
Joseph Oliveira,Jaws
Tosin Akinwoye,Black Adam
Tosin Akinwoye,Chaos Walking
Tosin Akinwoye,Interstellar
Ryan Irving,Bark
Ryan Irving,Zoey's Extraordinary Playlist
Ryan Irving,Hold the Dark
Ryan Irving,Wynonna Earp
Ryan Irving,DC's Legends of Tomorrow
Ryan Irving,Heritage Minutes: Winnipeg Falcons
Ryan Irving,Interstellar
Ryan Irving,Bark
Jonathan Nolan,Westworld
Jonathan Nolan,Interstellar
Jonathan Nolan,The Dark Knight Rises
Jonathan Nolan,Person of Interest
Jonathan Nolan,The Dark Knight
Jonathan Nolan,The Prestige
Jonathan Nolan,Memento
Jonathan Nolan,The Next Thing You Eat
Jonathan Nolan,Catwoman: The Feline Femme Fatale
Jonathan Nolan,James Cameron's Story of Science Fiction
Jonathan Nolan,United We Fan
Jonathan Nolan,Do You Trust this Computer?
Jonathan Nolan,Close Up with The Hollywood Reporter
Jonathan Nolan,Inside Interstellar
Jonathan Nolan,Showrunners: The Art of Running a TV Show
Jonathan Nolan,The Fire Rises: The Creation and Impact of The Dark Knight Trilogy
Jonathan Nolan,Ending the Knight
Jonathan Nolan,The Son
Jonathan Nolan,Fallout
Jonathan Nolan,The Peripheral
Jonathan Nolan,Reminiscence
Jonathan Nolan,Westworld
Jonathan Nolan,Person of Interest
Jonathan Nolan,Fallout
Jonathan Nolan,Westworld
Jonathan Nolan,Person of Interest
Jonathan Nolan,Westworld
Jonathan Nolan,Person of Interest
Jonathan Nolan,Following
Jonathan Nolan,Doodlebug
Thomas J. Burton,Interstellar
Lee Tibbetts,Interstellar
Junaid Syed,Homes of Hope
Junaid Syed,Interstellar
David Moraton,Interstellar
Paul J. Franklin,Venom
Paul J. Franklin,Interstellar
Paul J. Franklin,The Dark Knight Rises
Paul J. Franklin,Inception
Paul J. Franklin,Harry Potter and the Half-Blood Prince
Paul J. Franklin,The Dark Knight
Paul J. Franklin,Harry Potter and the Order of the Phoenix
Paul J. Franklin,Revelation
Paul J. Franklin,Inside Interstellar
Paul J. Franklin,Ending the Knight
Paul J. Franklin,Hunting Lila
Paul J. Franklin,Fireworks
Paul J. Franklin,Enemy at the Gates
Andrew Lockley,Oppenheimer
Andrew Lockley,Tenet
Andrew Lockley,Dunkirk
Andrew Lockley,Miss Peregrine's Home for Peculiar Children
Andrew Lockley,Alice Through the Looking Glass
Andrew Lockley,Interstellar
Andrew Lockley,The Dark Knight Rises
Andrew Lockley,Captain America: The First Avenger
Andrew Lockley,Inception
Andrew Lockley,Children of Men
Ian Hunter,First Man
Ian Hunter,Interstellar
Ian Hunter,Fast Five
Ian Hunter,Resident Evil: Afterlife
Ian Hunter,Inception
Ian Hunter,2012
Ian Hunter,Splice
Ian Hunter,Whiteout
Ian Hunter,Watchmen
Ian Hunter,The Dark Knight
Ian Hunter,Spider-Man 3
Ian Hunter,The Gene Generation
Ian Hunter,Constantine
Ian Hunter,The Day After Tomorrow
Ian Hunter,The Cat in the Hat
Ian Hunter,The Order
Ian Hunter,Freddy vs. Jason
Ian Hunter,Charlie's Angels: Full Throttle
Ian Hunter,The Core
Ian Hunter,Don't Say a Word
Ian Hunter,End of Days
Ian Hunter,Batman & Robin
Ian Hunter,Clifford
Ian Hunter,Foundation: Discovering Worlds
Ian Hunter,Inside Interstellar
Ian Hunter,Sense of Scale
Ian Hunter,Clifford
Ian Hunter,Kaiju Fury
Ian Hunter,End of Days
Allison Gardner,Interstellar
Allison Gardner,Shoebox Zoo
Allison Gardner,9
Kevin Elam,Star Wars: The Rise of Skywalker
Kevin Elam,Interstellar
Kevin Elam,Fast & Furious 6
Kevin Elam,Battleship
Kevin Elam,Battle: Los Angeles
Kevin Elam,Jumper
Kevin Elam,Mr. & Mrs. Smith
Kevin Elam,Freddy vs. Jason
Kevin Elam,Windtalkers
Kevin Elam,The Time Machine
Kevin Elam,Ali
Kevin Elam,Chill Factor
Kevin Elam,First Man
Kevin Elam,Eraser
Kevin Elam,The Last Wolf: Karl Edward Wagner
Tien Nguyen,Joy
Tien Nguyen,Interstellar
Tien Nguyen,Top Gun: Maverick
Tien Nguyen,Rango
Tien Nguyen,Inception
Ann Podlozny,Ready Player One
Ann Podlozny,Interstellar
Ann Podlozny,Fast & Furious 6
Ann Podlozny,Surrogates
Ann Podlozny,Constantine
Ann Podlozny,The Animal
David Sanger,Interstellar
David Sanger,RED 2
David Sanger,Battleship
David Sanger,Real Steel
David Sanger,Cowboys & Aliens
David Sanger,Fast Five
David Sanger,The Tourist
David Sanger,127 Hours
David Sanger,Inception
David Sanger,Shutter Island
David Sanger,2012
David Sanger,Splice
David Sanger,Whiteout
David Sanger,Watchmen
David Sanger,100 Feet
David Sanger,The Dark Knight
David Sanger,The Ruins
David Sanger,Trick 'r Treat
David Sanger,The Gene Generation
David Sanger,Lords of Dogtown
David Sanger,House of Wax
David Sanger,The Cat in the Hat
David Sanger,Freddy vs. Jason
David Sanger,Chain Reaction
David Sanger,Dante's Peak
Daniel Maund,Interstellar
